{
  "xgboost_final": {
    "train": {
      "mae": 3.6393113136291504,
      "rmse": 4.889552184586631,
      "r2": 0.5328165292739868
    },
    "test": {
      "mae": 4.527738094329834,
      "rmse": 6.134381330489761,
      "r2": 0.2662946581840515
    },
    "n_features": 50,
    "best_params": {
      "n_estimators": 280,
      "max_depth": 8,
      "learning_rate": 0.012064641040872104,
      "subsample": 0.6813427568983446,
      "colsample_bytree": 0.6760268623796445,
      "min_child_weight": 5,
      "gamma": 0.16019503905746782,
      "reg_alpha": 0.48239877876690335,
      "reg_lambda": 0.8801870114073214,
      "random_state": 42,
      "n_jobs": -1,
      "verbosity": 0
    }
  },
  "timestamp": "2025-11-26T15:05:39.240327",
  "cross_validation": {
    "best_model": "XGBoost",
    "n_features": 50,
    "n_samples": 9702
  }
}