{
  "xgboost_final": {
    "train": {
      "mae": 3.373866558074951,
      "rmse": 4.508430002319591,
      "r2": 0.6028084754943848
    },
    "test": {
      "mae": 4.541050910949707,
      "rmse": 6.136462327054361,
      "r2": 0.2657967805862427
    },
    "n_features": 50,
    "best_params": {
      "n_estimators": 299,
      "max_depth": 9,
      "learning_rate": 0.010509791232555694,
      "subsample": 0.6158713029618965,
      "colsample_bytree": 0.764088169035724,
      "min_child_weight": 3,
      "gamma": 0.10209149318019767,
      "reg_alpha": 0.6427654544859113,
      "reg_lambda": 0.5892886455879661,
      "random_state": 42,
      "n_jobs": -1,
      "verbosity": 0
    }
  },
  "timestamp": "2025-11-26T15:21:54.499826",
  "cross_validation": {
    "best_model": "XGBoost",
    "n_features": 50,
    "n_samples": 9702
  }
}